Date,High,Low,Open,Close,Volume,Adj Close
2017-12-13,972.5,933.5,950.0,953.0,113060200.0,905.0282592773438
2017-12-14,1100.0,962.5,964.5,1085.0,86153800.0,1030.3836669921875
2017-12-15,1111.0,1030.0,1068.0,1052.5,37105600.0,999.5196533203125
2017-12-18,1034.0,1002.5,1031.0,1019.0,13348400.0,967.7059326171875
2017-12-19,1059.0,1006.0,1012.5,1051.5,17653000.0,998.5700073242188
2017-12-20,1070.0,1015.0,1017.5,1050.0,11827400.0,997.1453857421875
2017-12-21,1062.0,1031.5,1060.0,1055.0,3813200.0,1001.893798828125
2017-12-22,1095.5,1060.5,1065.5,1094.0,8622200.0,1038.9305419921875
2017-12-25,1111.0,1082.5,1090.0,1088.0,5409800.0,1033.232421875
2017-12-26,1092.0,1076.0,1083.0,1084.0,2236400.0,1029.433837890625
2017-12-27,1118.0,1081.0,1085.0,1110.0,5331000.0,1054.1253662109375
2017-12-28,1159.0,1118.0,1120.0,1150.0,11363600.0,1092.1116943359375
2017-12-29,1170.0,1134.0,1159.0,1145.0,6127000.0,1087.363525390625
2018-01-01,1145.0,1145.0,1145.0,1145.0,0.0,1087.363525390625
2018-01-02,1145.0,1145.0,1145.0,1145.0,0.0,1087.363525390625
2018-01-03,1145.0,1145.0,1145.0,1145.0,0.0,1087.363525390625
2018-01-04,1174.5,1148.0,1168.5,1165.0,5184400.0,1106.3565673828125
2018-01-05,1172.0,1150.0,1172.0,1170.0,3932200.0,1111.1048583984375
2018-01-08,1170.0,1170.0,1170.0,1170.0,0.0,1111.1048583984375
2018-01-09,1179.0,1165.5,1175.0,1168.0,3725000.0,1109.2056884765625
2018-01-10,1173.5,1146.5,1167.0,1152.0,4248400.0,1094.0108642578125
2018-01-11,1183.0,1141.0,1141.0,1181.5,4468800.0,1122.0260009765625
2018-01-12,1230.0,1187.5,1197.0,1230.0,7299600.0,1168.084716796875
2018-01-15,1250.0,1219.0,1248.0,1233.0,5713800.0,1170.93359375
2018-01-16,1249.5,1237.5,1249.0,1247.5,4968400.0,1184.7037353515625
2018-01-17,1255.0,1226.0,1242.5,1232.0,4133000.0,1169.9840087890625
2018-01-18,1250.0,1197.5,1240.0,1205.0,4457400.0,1144.343017578125
2018-01-19,1235.0,1205.5,1219.5,1234.5,3002200.0,1172.3582763671875
2018-01-22,1230.5,1206.0,1215.5,1212.5,4510400.0,1151.4654541015625
2018-01-23,1228.0,1209.5,1215.5,1210.0,3355000.0,1149.09130859375
2018-01-24,1210.5,1185.5,1206.0,1198.5,4311800.0,1138.17041015625
2018-01-25,1209.5,1178.0,1180.0,1202.0,3516000.0,1141.494140625
2018-01-26,1223.0,1203.0,1213.0,1215.0,3303800.0,1153.83984375
2018-01-29,1231.0,1209.5,1221.0,1209.5,3365600.0,1148.616455078125
2018-01-30,1233.5,1189.0,1200.0,1216.5,26136600.0,1155.26416015625
2018-01-31,1275.0,1216.0,1216.5,1265.0,6932200.0,1201.3228759765625
2018-02-01,1317.5,1252.5,1254.0,1308.0,6788800.0,1242.158203125
2018-02-02,1337.5,1277.5,1315.0,1325.5,5656600.0,1258.77734375
2018-02-05,1275.5,1212.5,1259.5,1214.0,8323400.0,1152.8900146484375
2018-02-06,1169.5,1095.5,1126.0,1130.0,6841800.0,1073.1185302734375
2018-02-07,1208.5,1133.0,1205.0,1136.0,4789800.0,1078.81640625
2018-02-08,1157.0,1121.5,1145.0,1124.0,2588600.0,1067.4202880859375
2018-02-09,1126.5,1075.0,1075.0,1126.0,3062000.0,1069.31982421875
2018-02-12,1126.0,1126.0,1126.0,1126.0,0.0,1069.31982421875
2018-02-13,1163.5,1108.5,1159.0,1113.5,2676000.0,1057.448974609375
2018-02-14,1124.5,1088.0,1115.0,1097.0,1779200.0,1041.7796630859375
2018-02-15,1132.0,1096.0,1107.0,1125.0,1462200.0,1068.3702392578125
2018-02-16,1166.5,1125.5,1144.0,1162.0,2379200.0,1103.5076904296875
2018-02-19,1185.0,1162.0,1175.0,1171.5,1864400.0,1112.529296875
2018-02-20,1172.5,1147.5,1172.5,1150.0,1286600.0,1092.1116943359375
2018-02-21,1153.0,1134.5,1145.5,1145.0,1500200.0,1087.363525390625
2018-02-22,1150.5,1135.5,1149.5,1150.0,943200.0,1092.1116943359375
2018-02-23,1168.5,1150.5,1168.5,1155.5,1182600.0,1097.3349609375
2018-02-26,1167.5,1158.0,1160.0,1162.0,1414800.0,1103.5076904296875
2018-02-27,1167.5,1144.0,1167.0,1148.0,1534200.0,1090.21240234375
2018-02-28,1161.5,1143.5,1145.5,1148.5,1303200.0,1090.687255859375
2018-03-01,1145.0,1132.5,1142.0,1141.5,1143200.0,1084.0394287109375
2018-03-02,1139.5,1113.5,1117.0,1130.0,1815000.0,1073.1185302734375
2018-03-05,1136.5,1115.0,1129.5,1121.5,1316400.0,1065.04638671875
2018-03-06,1145.5,1130.5,1130.5,1140.5,1102800.0,1083.08984375
2018-03-07,1147.0,1128.0,1135.0,1129.0,1073000.0,1072.1688232421875
2018-03-08,1138.5,1112.5,1136.0,1116.0,771400.0,1059.8231201171875
2018-03-09,1127.5,1073.0,1125.0,1082.0,3234200.0,1027.53466796875
2018-03-12,1103.0,1035.5,1100.0,1039.5,3399400.0,987.1740112304688
2018-03-13,1049.5,1022.0,1041.5,1036.0,3515400.0,983.8502197265625
2018-03-14,1062.5,1032.5,1032.5,1043.5,1940600.0,990.9725952148438
2018-03-15,1036.5,1018.0,1033.5,1025.0,1892200.0,973.4039306640625
2018-03-16,1070.5,1037.0,1037.0,1070.0,3419600.0,1016.138671875
2018-03-19,1099.0,1070.5,1071.5,1084.5,3051600.0,1029.9088134765625
2018-03-20,1105.0,1085.5,1098.5,1102.0,2279600.0,1046.5279541015625
2018-03-21,1102.0,1102.0,1102.0,1102.0,0.0,1046.5279541015625
2018-03-22,1145.5,1100.0,1100.0,1143.0,2672000.0,1085.464111328125
2018-03-23,1121.0,1077.5,1114.5,1116.5,2516600.0,1060.298095703125
2018-03-26,1138.0,1090.5,1099.0,1137.0,1843400.0,1079.7659912109375
2018-03-27,1168.5,1145.0,1147.0,1157.0,1987800.0,1098.75927734375
2018-03-28,1162.0,1120.0,1120.0,1156.5,1121200.0,1114.1737060546875
2018-03-29,1175.0,1121.0,1169.0,1149.0,1530600.0,1106.9482421875
2018-03-30,1168.0,1150.0,1153.5,1162.5,1166200.0,1119.9541015625
2018-04-02,1166.5,1123.0,1158.0,1126.0,2032400.0,1084.7900390625
2018-04-03,1128.5,1108.0,1116.5,1114.5,1159800.0,1073.7109375
2018-04-04,1119.0,1107.0,1112.5,1111.0,836200.0,1070.3388671875
2018-04-05,1133.5,1110.0,1110.5,1131.0,1407400.0,1089.60693359375
2018-04-06,1156.5,1124.5,1126.5,1146.5,1419200.0,1104.5396728515625
2018-04-09,1175.5,1150.0,1150.0,1169.0,2352400.0,1126.2161865234375
2018-04-10,1196.0,1175.5,1176.5,1186.5,2619000.0,1143.07568359375
2018-04-11,1198.0,1161.5,1184.0,1193.0,2409600.0,1149.337890625
2018-04-12,1197.5,1167.5,1188.0,1184.0,1921200.0,1140.667236328125
2018-04-13,1199.0,1187.5,1191.5,1195.5,1593800.0,1151.7464599609375
2018-04-16,1219.5,1194.5,1199.5,1210.0,1943600.0,1165.7156982421875
2018-04-17,1209.5,1181.5,1205.0,1189.0,2164200.0,1145.4842529296875
2018-04-18,1214.0,1194.5,1195.5,1205.5,1986800.0,1161.38037109375
2018-04-19,1211.0,1190.5,1209.0,1192.0,1401200.0,1148.37451171875
2018-04-20,1213.0,1193.0,1211.5,1203.5,1907800.0,1159.4537353515625
2018-04-23,1219.0,1194.5,1194.5,1218.5,1974600.0,1173.9046630859375
2018-04-24,1234.0,1221.5,1225.0,1227.0,2689600.0,1182.0936279296875
2018-04-25,1228.0,1209.0,1214.5,1226.5,2252200.0,1181.6119384765625
2018-04-26,1248.0,1225.0,1235.5,1237.5,9393400.0,1192.209228515625
2018-04-27,1237.5,1219.0,1228.5,1223.5,2847000.0,1178.7216796875
2018-04-30,1223.5,1223.5,1223.5,1223.5,0.0,1178.7216796875
2018-05-01,1232.5,1202.0,1210.0,1208.5,2295800.0,1164.2706298828125
2018-05-02,1228.0,1206.0,1206.0,1222.5,2496800.0,1177.75830078125
2018-05-03,1222.5,1222.5,1222.5,1222.5,0.0,1177.75830078125
2018-05-04,1222.5,1222.5,1222.5,1222.5,0.0,1177.75830078125
2018-05-07,1216.0,1187.0,1213.5,1193.5,2267400.0,1149.819580078125
2018-05-08,1203.0,1183.0,1193.5,1185.5,1336200.0,1142.1123046875
2018-05-09,1197.0,1151.5,1193.5,1153.0,2385800.0,1110.8016357421875
2018-05-10,1171.0,1143.5,1152.5,1169.5,2459200.0,1126.697998046875
2018-05-11,1213.0,1163.0,1165.0,1202.5,3369000.0,1158.490234375
2018-05-14,1190.0,1139.5,1152.5,1163.5,5869800.0,1120.91748046875
2018-05-15,1201.5,1165.0,1166.0,1183.0,4692800.0,1139.7039794921875
2018-05-16,1222.0,1189.5,1190.0,1215.0,4276800.0,1170.5328369140625
2018-05-17,1247.5,1217.0,1222.5,1245.0,3577600.0,1199.4346923828125
2018-05-18,1269.5,1245.5,1251.5,1269.0,3496200.0,1222.55615234375
2018-05-21,1272.5,1258.0,1270.0,1260.5,1771000.0,1214.367431640625
2018-05-22,1265.0,1249.5,1256.0,1263.5,1224800.0,1217.257568359375
2018-05-23,1298.0,1257.5,1262.5,1294.5,3733400.0,1247.123046875
2018-05-24,1313.5,1280.5,1289.5,1311.0,4276600.0,1263.0191650390625
2018-05-25,1325.0,1299.5,1307.5,1321.5,2941600.0,1273.1351318359375
2018-05-28,1322.5,1302.5,1313.5,1303.5,1989800.0,1255.7938232421875
2018-05-29,1298.5,1255.5,1295.0,1262.5,3215800.0,1216.2943115234375
2018-05-30,1273.0,1244.5,1249.5,1263.0,3218800.0,1216.776123046875
2018-05-31,1275.0,1227.5,1274.0,1234.0,18751600.0,1188.83740234375
2018-06-01,1250.0,1218.0,1232.0,1221.0,2290600.0,1176.3131103515625
2018-06-04,1252.5,1227.0,1240.0,1243.5,1804200.0,1197.98974609375
2018-06-05,1243.5,1221.0,1234.0,1228.0,1640600.0,1183.0570068359375
2018-06-06,1225.0,1175.5,1203.0,1179.5,3480200.0,1136.3319091796875
2018-06-07,1183.5,1170.0,1175.0,1172.0,2426400.0,1129.1063232421875
2018-06-08,1188.0,1163.0,1163.0,1176.5,2878000.0,1133.441650390625
2018-06-11,1174.5,1153.0,1163.0,1166.0,3195600.0,1123.325927734375
2018-06-12,1198.0,1172.5,1175.5,1184.5,2784600.0,1141.1490478515625
2018-06-13,1226.5,1180.0,1180.0,1221.0,3104000.0,1176.3131103515625
2018-06-14,1227.5,1202.5,1220.0,1223.5,1649200.0,1178.7216796875
2018-06-15,1245.5,1225.5,1232.5,1244.5,3746200.0,1198.953125
2018-06-18,1226.5,1196.5,1216.5,1199.0,2241000.0,1155.118408203125
2018-06-19,1189.5,1164.5,1183.5,1175.5,2282600.0,1132.4783935546875
2018-06-20,1200.0,1162.5,1200.0,1174.5,2195400.0,1131.514892578125
2018-06-21,1171.5,1150.0,1164.5,1154.5,2182200.0,1112.2469482421875
2018-06-22,1181.0,1149.5,1149.5,1177.0,1496000.0,1133.9234619140625
2018-06-25,1178.5,1161.0,1176.0,1169.0,1013800.0,1126.2161865234375
2018-06-26,1186.5,1151.0,1154.5,1183.5,1286800.0,1140.1856689453125
2018-06-27,1214.0,1173.0,1173.0,1197.0,1436800.0,1153.19140625
2018-06-28,1212.5,1190.0,1192.5,1211.0,1481600.0,1166.67919921875
2018-06-29,1221.5,1198.0,1205.5,1215.0,1270400.0,1170.5328369140625
2018-07-02,1214.0,1171.5,1214.0,1175.0,1674200.0,1131.9967041015625
2018-07-03,1188.0,1170.5,1182.0,1180.0,1724400.0,1136.813720703125
2018-07-04,1187.0,1175.5,1177.0,1181.0,1240400.0,1137.777099609375
2018-07-05,1184.5,1154.5,1183.0,1158.0,972800.0,1115.618896484375
2018-07-06,1164.0,1147.5,1163.0,1153.5,1081400.0,1111.2835693359375
2018-07-09,1172.5,1148.0,1153.0,1172.0,750400.0,1129.1063232421875
2018-07-10,1180.5,1139.5,1179.0,1139.5,1374600.0,1097.7957763671875
2018-07-11,1145.0,1128.0,1130.5,1130.5,965800.0,1089.1253662109375
2018-07-12,1160.0,1137.5,1146.0,1155.5,1121600.0,1113.2103271484375
2018-07-13,1199.0,1160.5,1169.5,1196.5,1847400.0,1152.709716796875
2018-07-16,1196.5,1196.5,1196.5,1196.5,0.0,1152.709716796875
2018-07-17,1196.5,1180.0,1193.0,1186.5,1018600.0,1143.07568359375
2018-07-18,1195.0,1170.5,1192.0,1181.0,1197400.0,1137.777099609375
2018-07-19,1194.0,1175.0,1188.5,1188.5,891600.0,1145.0025634765625
2018-07-20,1210.0,1187.5,1210.0,1205.5,2127600.0,1161.38037109375
2018-07-23,1213.0,1189.5,1206.5,1192.0,845600.0,1148.37451171875
2018-07-24,1215.0,1192.0,1215.0,1203.0,1430200.0,1158.971923828125
2018-07-25,1209.5,1181.0,1194.5,1187.0,1557400.0,1143.5576171875
2018-07-26,1208.5,1190.0,1197.0,1208.0,1821200.0,1163.7890625
2018-07-27,1224.5,1198.0,1208.0,1221.0,1348000.0,1176.3131103515625
2018-07-30,1226.0,1210.5,1220.0,1220.0,1115000.0,1175.3497314453125
2018-07-31,1224.5,1214.0,1222.0,1222.5,1407200.0,1177.75830078125
2018-08-01,1231.5,1214.5,1230.0,1219.5,1363800.0,1174.8681640625
2018-08-02,1219.5,1199.0,1215.0,1209.5,1652400.0,1165.2337646484375
2018-08-03,1227.0,1210.0,1213.5,1219.0,1147600.0,1174.3863525390625
2018-08-06,1225.0,1202.5,1222.5,1217.5,801600.0,1172.941162109375
2018-08-07,1219.0,1201.0,1213.0,1212.5,610800.0,1168.1240234375
2018-08-08,1221.5,1205.0,1213.0,1215.0,670200.0,1170.5328369140625
2018-08-09,1215.0,1200.5,1207.0,1209.0,723600.0,1164.7523193359375
2018-08-10,1223.0,1205.5,1220.0,1216.5,1288800.0,1171.977783203125
2018-08-13,1292.0,1209.0,1240.0,1275.0,7083800.0,1228.3367919921875
2018-08-14,1290.0,1261.5,1275.0,1288.5,2868800.0,1241.3426513671875
2018-08-15,1321.5,1284.5,1288.5,1296.5,4332000.0,1249.0498046875
2018-08-16,1313.5,1275.5,1279.5,1285.5,3161800.0,1238.4525146484375
2018-08-17,1305.5,1285.5,1293.5,1299.5,1898600.0,1251.93994140625
2018-08-20,1310.0,1274.5,1308.5,1278.0,1575400.0,1231.2269287109375
2018-08-21,1285.0,1262.0,1281.5,1281.0,964400.0,1234.1173095703125
2018-08-22,1281.0,1257.5,1281.0,1260.5,1651800.0,1214.367431640625
2018-08-23,1290.0,1259.0,1263.0,1283.0,2197200.0,1236.0440673828125
2018-08-24,1300.0,1278.5,1287.0,1296.5,1882600.0,1249.0498046875
2018-08-27,1321.0,1281.5,1285.0,1310.5,2630600.0,1262.53759765625
2018-08-28,1322.5,1298.5,1312.5,1299.0,1663600.0,1251.45849609375
2018-08-29,1321.0,1291.5,1300.0,1310.0,1646200.0,1262.0557861328125
2018-08-30,1324.0,1305.0,1322.5,1312.0,1243400.0,1263.982666015625
2018-08-31,1314.5,1299.0,1310.0,1314.5,1498400.0,1266.39111328125
2018-09-03,1314.5,1298.5,1300.0,1312.5,1044200.0,1264.46435546875
2018-09-04,1311.5,1299.0,1308.0,1307.0,832400.0,1259.16552734375
2018-09-05,1312.5,1297.5,1308.0,1307.5,1157200.0,1259.6473388671875
2018-09-06,1318.0,1300.0,1300.0,1314.5,1542000.0,1266.39111328125
2018-09-07,1322.0,1301.0,1307.5,1312.0,1121400.0,1263.982666015625
2018-09-10,1351.5,1313.0,1319.5,1341.5,3574600.0,1292.4029541015625
2018-09-11,1356.0,1331.0,1344.0,1352.5,1550400.0,1303.0006103515625
2018-09-12,1364.0,1342.0,1354.0,1362.0,2262200.0,1312.1527099609375
2018-09-13,1407.5,1361.0,1366.5,1399.5,2027800.0,1348.2801513671875
2018-09-14,1414.5,1389.0,1406.5,1398.5,1856800.0,1347.3167724609375
2018-09-17,1398.5,1398.5,1398.5,1398.5,0.0,1347.3167724609375
2018-09-18,1412.5,1385.0,1396.0,1399.5,2262000.0,1348.2801513671875
2018-09-19,1417.5,1397.5,1409.5,1417.5,2018600.0,1365.6214599609375
2018-09-20,1443.0,1417.5,1432.5,1437.0,2105400.0,1384.4078369140625
2018-09-21,1464.0,1424.0,1444.0,1464.0,3855600.0,1410.4195556640625
2018-09-24,1464.0,1464.0,1464.0,1464.0,0.0,1410.4195556640625
2018-09-25,1469.0,1436.5,1457.5,1465.5,2301400.0,1411.8648681640625
2018-09-26,1485.0,1440.5,1450.5,1485.0,2101800.0,1439.491455078125
2018-09-27,1515.0,1480.0,1490.0,1482.5,2158400.0,1437.0679931640625
2018-09-28,1502.5,1482.0,1497.5,1488.5,1516200.0,1442.884033203125
2018-10-01,1515.0,1472.5,1488.5,1510.0,1433200.0,1463.7252197265625
2018-10-02,1545.0,1499.5,1527.5,1500.0,1668800.0,1454.0316162109375
2018-10-03,1537.5,1488.0,1500.0,1522.5,1308800.0,1475.8421630859375
2018-10-04,1530.0,1502.5,1525.0,1512.5,1102000.0,1466.148681640625
2018-10-05,1520.0,1497.0,1502.5,1500.0,1378800.0,1454.0316162109375
2018-10-08,1500.0,1500.0,1500.0,1500.0,0.0,1454.0316162109375
2018-10-09,1487.5,1460.5,1474.5,1479.5,1086400.0,1434.159912109375
2018-10-10,1510.0,1461.0,1465.0,1505.0,964000.0,1458.87841796875
2018-10-11,1470.5,1431.5,1456.5,1446.0,1545400.0,1401.6866455078125
2018-10-12,1449.5,1420.5,1425.0,1438.5,996000.0,1394.4163818359375
2018-10-15,1435.5,1398.0,1425.0,1399.0,1461200.0,1356.126953125
2018-10-16,1438.0,1400.0,1424.0,1418.5,1154000.0,1375.0294189453125
2018-10-17,1450.5,1422.5,1428.5,1440.5,1100000.0,1396.35498046875
2018-10-18,1482.5,1428.5,1440.0,1464.0,1513600.0,1419.1348876953125
2018-10-19,1461.0,1412.0,1460.5,1426.0,1415800.0,1382.29931640625
2018-10-22,1430.5,1405.5,1406.0,1423.0,781000.0,1379.391357421875
2018-10-23,1429.5,1387.0,1425.0,1387.5,896400.0,1344.9793701171875
2018-10-24,1409.5,1381.5,1387.5,1397.0,871600.0,1354.188232421875
2018-10-25,1388.0,1359.0,1372.0,1361.0,910200.0,1319.29150390625
2018-10-26,1375.5,1344.0,1375.0,1354.0,1156800.0,1312.5059814453125
2018-10-29,1376.5,1342.0,1353.0,1343.5,755600.0,1302.32763671875
2018-10-30,1390.0,1336.5,1339.0,1381.0,1631400.0,1338.678466796875
2018-10-31,1427.0,1382.5,1393.5,1422.0,1728600.0,1378.421875
2018-11-01,1417.5,1343.5,1417.0,1349.5,2226200.0,1308.143798828125
2018-11-02,1384.0,1349.5,1362.5,1374.0,1789200.0,1331.89306640625
2018-11-05,1431.5,1343.5,1374.0,1371.0,2562600.0,1328.98486328125
2018-11-06,1385.0,1327.5,1368.0,1334.0,2098400.0,1293.1187744140625
2018-11-07,1376.5,1331.0,1335.0,1357.5,913400.0,1315.8988037109375
2018-11-08,1411.5,1358.0,1375.5,1400.0,1592800.0,1357.09619140625
2018-11-09,1419.5,1398.0,1400.5,1406.5,1161600.0,1363.39697265625
2018-11-12,1429.5,1390.0,1390.0,1417.0,1346600.0,1373.5751953125
2018-11-13,1436.0,1375.0,1397.5,1430.5,2077000.0,1386.66162109375
2018-11-14,1416.5,1382.0,1410.5,1400.0,2322800.0,1357.09619140625
2018-11-15,1431.0,1392.0,1401.0,1428.5,1225800.0,1384.7227783203125
2018-11-16,1458.0,1411.0,1433.5,1412.0,2201600.0,1368.728515625
2018-11-19,1451.0,1405.5,1409.0,1429.5,2700000.0,1385.692138671875
2018-11-20,1458.0,1425.5,1427.0,1453.5,1851600.0,1408.9566650390625
2018-11-21,1456.0,1420.5,1425.0,1435.5,1250000.0,1391.50830078125
2018-11-22,1451.5,1417.5,1430.5,1427.5,1294400.0,1383.75341796875
2018-11-23,1427.5,1427.5,1427.5,1427.5,0.0,1383.75341796875
2018-11-26,1465.0,1425.5,1430.0,1460.5,2044000.0,1415.7420654296875
2018-11-27,1467.0,1430.5,1461.0,1430.5,2414000.0,1386.66162109375
2018-11-28,1432.0,1408.0,1427.5,1416.5,1243000.0,1373.0904541015625
2018-11-29,1443.0,1418.0,1421.5,1433.5,1064600.0,1389.569580078125
2018-11-30,1420.5,1371.5,1401.0,1389.5,2941200.0,1346.9180908203125
2018-12-03,1435.5,1400.0,1407.5,1427.5,1474800.0,1383.75341796875
2018-12-04,1422.0,1382.0,1414.5,1382.5,1470800.0,1340.1324462890625
2018-12-05,1395.5,1347.5,1361.0,1383.5,1649200.0,1341.101806640625
2018-12-06,1384.5,1362.0,1371.0,1384.0,1094600.0,1341.5865478515625
2018-12-07,1412.5,1375.0,1384.5,1407.5,1650400.0,1364.3663330078125
2018-12-10,1395.5,1364.0,1371.0,1376.5,1541200.0,1334.31640625
2018-12-11,1392.0,1358.0,1375.5,1359.5,1839400.0,1317.83740234375
2018-12-12,1406.5,1366.0,1369.5,1404.5,1376000.0,1361.4583740234375
2018-12-13,1427.5,1397.5,1408.0,1412.0,1392400.0,1368.728515625
2018-12-14,1431.5,1404.5,1404.5,1419.5,1695800.0,1375.9986572265625
2018-12-17,1440.0,1408.5,1416.5,1438.0,1259600.0,1393.9317626953125
2018-12-18,1435.5,1405.5,1414.5,1422.5,1703400.0,1378.9068603515625
2018-12-19,1453.5,1426.5,1435.5,1442.5,1968800.0,1398.2938232421875
2018-12-20,1462.5,1409.0,1450.0,1412.0,3132800.0,1368.728515625
2018-12-21,1407.5,1361.5,1398.0,1394.5,11282800.0,1351.7647705078125
2018-12-24,1394.5,1394.5,1394.5,1394.5,0.0,1351.7647705078125
2018-12-25,1365.0,1286.5,1362.0,1296.5,2379200.0,1256.7679443359375
2018-12-26,1331.0,1277.5,1300.0,1295.5,1508600.0,1255.798583984375
2018-12-27,1404.5,1338.0,1339.0,1394.5,1738800.0,1351.7647705078125
2018-12-28,1434.5,1371.5,1400.0,1432.0,1707800.0,1388.1156005859375
2018-12-31,1432.0,1432.0,1432.0,1432.0,0.0,1388.1156005859375
2019-01-04,1469.0,1425.0,1427.0,1465.0,2035200.0,1420.104248046875
2019-01-07,1520.0,1464.5,1495.5,1476.5,2599400.0,1431.251708984375
2019-01-08,1484.5,1431.0,1461.0,1447.0,2066200.0,1402.656005859375
2019-01-09,1494.5,1450.5,1450.5,1494.5,1556200.0,1448.7001953125
2019-01-10,1515.0,1474.0,1480.5,1515.0,1697400.0,1468.572021484375
2019-01-11,1515.0,1479.0,1515.0,1499.0,1822200.0,1453.0623779296875
2019-01-15,1520.0,1475.5,1480.0,1502.5,2259600.0,1456.4552001953125
2019-01-16,1535.0,1485.5,1510.0,1532.5,2188600.0,1485.5357666015625
2019-01-17,1545.0,1515.0,1535.0,1530.0,1151200.0,1483.1123046875
2019-01-18,1555.0,1522.5,1550.0,1537.5,1539800.0,1490.382568359375
2019-01-21,1547.5,1413.5,1547.5,1502.5,2348000.0,1456.4552001953125
2019-01-22,1517.5,1495.0,1505.0,1500.0,902000.0,1454.0316162109375
2019-01-23,1507.5,1487.5,1495.0,1496.0,796600.0,1450.154296875
2019-01-24,1498.5,1463.5,1486.0,1492.5,1025600.0,1446.761474609375
2019-01-25,1479.0,1448.0,1462.5,1450.5,2385000.0,1406.048583984375
2019-01-28,1448.5,1414.0,1427.0,1437.0,1116800.0,1392.9622802734375
2019-01-29,1460.0,1434.5,1435.5,1453.5,1582400.0,1408.9566650390625
2019-01-30,1454.5,1439.0,1449.5,1449.5,1762400.0,1405.0791015625
2019-01-31,1481.5,1454.0,1474.5,1458.5,1476400.0,1413.8035888671875
2019-02-01,1491.0,1450.5,1458.5,1479.5,2079400.0,1434.159912109375
2019-02-04,1515.0,1475.0,1500.0,1496.0,2291600.0,1450.154296875
2019-02-05,1520.0,1492.5,1510.0,1515.0,979400.0,1468.572021484375
2019-02-06,1520.0,1499.0,1510.0,1505.0,730200.0,1458.87841796875
2019-02-07,1493.5,1470.0,1491.5,1491.0,908000.0,1445.3074951171875
2019-02-08,1484.0,1456.0,1466.0,1479.0,811600.0,1433.67529296875
2019-02-12,1510.0,1474.0,1490.0,1505.0,994800.0,1458.87841796875
2019-02-13,1507.5,1486.5,1505.0,1488.5,1048000.0,1442.884033203125
2019-02-14,1502.5,1467.5,1478.5,1502.5,1540800.0,1456.4552001953125
2019-02-15,1532.5,1499.0,1510.0,1527.5,1568600.0,1480.6888427734375
2019-02-18,1552.5,1527.5,1542.5,1540.0,1120200.0,1492.805908203125
2019-02-19,1572.5,1515.0,1537.5,1572.5,1459000.0,1524.3099365234375
2019-02-20,1600.0,1572.5,1585.0,1592.5,1538000.0,1543.697021484375
2019-02-21,1595.0,1550.0,1585.0,1582.5,1097600.0,1534.00341796875
2019-02-22,1595.0,1565.0,1567.5,1580.0,938200.0,1531.580078125
2019-02-25,1610.0,1580.0,1580.0,1605.0,1547800.0,1555.8138427734375
2019-02-26,1632.5,1607.5,1610.0,1627.5,1416800.0,1577.6243896484375
2019-02-27,1632.5,1602.5,1625.0,1625.0,1095600.0,1575.200927734375
2019-02-28,1635.0,1620.0,1632.5,1630.0,1225000.0,1580.0478515625
2019-03-01,1645.0,1620.0,1630.0,1635.0,1075600.0,1584.89453125
2019-03-04,1650.0,1630.0,1640.0,1640.0,947400.0,1589.7413330078125
2019-03-05,1657.5,1630.0,1640.0,1642.5,1096000.0,1592.1646728515625
2019-03-06,1637.5,1617.5,1635.0,1620.0,699800.0,1570.354248046875
2019-03-07,1650.0,1595.0,1600.0,1632.5,1051800.0,1582.4710693359375
2019-03-08,1642.5,1607.5,1620.0,1610.0,1466000.0,1560.66064453125
2019-03-11,1627.5,1602.5,1607.5,1617.5,592600.0,1567.9307861328125
2019-03-12,1645.0,1615.0,1635.0,1622.5,942800.0,1572.7777099609375
2019-03-13,1645.0,1615.0,1620.0,1620.0,958000.0,1570.354248046875
2019-03-14,1610.0,1585.0,1600.0,1590.0,991000.0,1541.2734375
2019-03-15,1625.0,1602.5,1615.0,1607.5,1496200.0,1558.2373046875
2019-03-18,1602.5,1575.0,1595.0,1585.0,854800.0,1536.4268798828125
2019-03-19,1615.0,1597.5,1610.0,1605.0,576800.0,1555.8138427734375
2019-03-20,1632.5,1607.5,1622.5,1617.5,1504200.0,1567.9307861328125
2019-03-22,1625.0,1605.0,1617.5,1615.0,969800.0,1565.5074462890625
2019-03-25,1605.0,1567.5,1597.5,1585.0,1077200.0,1536.4268798828125
2019-03-26,1650.0,1607.5,1610.0,1640.0,1139600.0,1589.7413330078125
2019-03-27,1637.5,1612.5,1620.0,1620.0,699000.0,1581.443603515625
2019-03-28,1610.0,1580.0,1605.0,1600.0,843400.0,1561.9195556640625
2019-03-29,1630.0,1597.5,1605.0,1612.5,1335600.0,1574.1221923828125
2019-04-01,1632.5,1602.5,1617.5,1607.5,872200.0,1569.2410888671875
2019-04-02,1635.0,1607.5,1630.0,1622.5,750400.0,1583.8841552734375
2019-04-03,1637.5,1595.0,1615.0,1637.5,679600.0,1598.527099609375
2019-04-04,1637.5,1607.5,1625.0,1615.0,559200.0,1576.562744140625
2019-04-05,1615.0,1582.5,1605.0,1587.5,1028200.0,1549.717041015625
2019-04-08,1600.0,1572.5,1587.5,1595.0,581000.0,1557.0386962890625
2019-04-09,1602.5,1580.0,1595.0,1595.0,685800.0,1557.0386962890625
2019-04-10,1597.5,1562.5,1570.0,1590.0,463200.0,1552.1575927734375
2019-04-11,1595.0,1570.0,1572.5,1592.5,560600.0,1554.59814453125
2019-04-12,1605.0,1587.5,1600.0,1590.0,980600.0,1552.1575927734375
2019-04-15,1612.5,1592.5,1607.5,1600.0,846000.0,1561.9195556640625
2019-04-16,1612.5,1592.5,1605.0,1600.0,658000.0,1561.9195556640625
2019-04-17,1607.5,1580.0,1600.0,1590.0,1151000.0,1552.1575927734375
2019-04-18,1587.5,1550.0,1585.0,1555.0,1349400.0,1517.9906005859375
2019-04-19,1540.0,1485.0,1540.0,1495.5,2606800.0,1459.90673828125
2019-04-22,1505.0,1482.5,1496.0,1490.0,1398000.0,1454.53759765625
2019-04-23,1512.5,1490.5,1490.5,1500.0,1028600.0,1464.2996826171875
2019-04-24,1535.0,1515.0,1522.5,1527.5,1734800.0,1491.14501953125
2019-04-25,1552.5,1530.0,1530.0,1547.5,1220800.0,1510.6689453125
2019-04-26,1560.0,1467.5,1552.5,1487.5,2968600.0,1452.0970458984375
2019-05-07,1502.5,1469.0,1491.5,1475.0,2482400.0,1439.8946533203125
2019-05-08,1490.0,1446.5,1490.0,1455.5,1445600.0,1420.8587646484375
2019-05-09,1473.5,1433.0,1472.0,1434.5,2124200.0,1400.3585205078125
2019-05-10,1453.5,1423.0,1426.0,1426.5,1997000.0,1392.5489501953125
2019-05-13,1432.5,1413.0,1421.0,1428.5,920400.0,1394.5013427734375
2019-05-14,1463.5,1411.5,1415.5,1458.0,2412800.0,1423.2991943359375
2019-05-15,1488.0,1453.5,1455.0,1487.5,1779800.0,1452.0970458984375
2019-05-16,1495.5,1459.0,1485.0,1493.5,1450200.0,1457.954345703125
2019-05-17,1532.5,1515.0,1520.0,1520.0,1312000.0,1483.8236083984375
2019-05-20,1560.0,1535.0,1555.0,1550.0,1595800.0,1513.109619140625
2019-05-21,1560.0,1515.0,1537.5,1517.5,1765200.0,1481.3831787109375
2019-05-22,1489.5,1450.5,1483.0,1453.0,2477200.0,1418.418212890625
2019-05-23,1470.0,1426.0,1426.5,1448.0,2344400.0,1413.537353515625
2019-05-24,1472.5,1446.0,1452.0,1452.0,1585800.0,1417.44189453125
2019-05-27,1453.5,1430.5,1439.5,1447.5,1425000.0,1413.049072265625
2019-05-28,1470.0,1446.5,1453.5,1466.0,9660000.0,1431.10888671875
2019-05-29,1462.5,1430.0,1441.0,1456.5,1367200.0,1421.8348388671875
2019-05-30,1460.5,1441.0,1456.5,1450.0,1275600.0,1415.4896240234375
2019-05-31,1478.5,1435.5,1440.0,1470.5,1717800.0,1435.5018310546875
2019-06-03,1520.0,1470.0,1479.0,1520.0,1656800.0,1483.8236083984375
2019-06-04,1499.5,1458.0,1496.5,1460.5,1480600.0,1425.7396240234375
2019-06-05,1522.5,1490.0,1490.0,1515.0,1448000.0,1478.942626953125
2019-06-06,1517.5,1488.5,1493.5,1505.0,1108800.0,1469.1806640625
2019-06-07,1522.5,1502.5,1507.5,1515.0,876400.0,1478.942626953125
2019-06-10,1527.5,1507.5,1525.0,1525.0,818000.0,1488.70458984375
2019-06-11,1527.5,1507.5,1525.0,1525.0,640800.0,1488.70458984375
2019-06-12,1565.0,1522.5,1525.0,1557.5,1264800.0,1520.43115234375
2019-06-13,1587.5,1555.0,1570.0,1575.0,1339600.0,1537.5146484375
2019-06-14,1585.0,1560.0,1585.0,1575.0,934800.0,1537.5146484375
2019-06-17,1590.0,1542.5,1555.0,1572.5,1028200.0,1535.07421875
2019-06-18,1595.0,1567.5,1572.5,1570.0,877000.0,1532.633544921875
2019-06-19,1595.0,1577.5,1587.5,1592.5,726200.0,1554.59814453125
2019-06-20,1592.5,1565.0,1592.5,1567.5,743800.0,1530.193115234375
2019-06-21,1570.0,1545.0,1567.5,1547.5,1301400.0,1510.6689453125
2019-06-24,1545.0,1530.0,1530.0,1535.0,500200.0,1498.4666748046875
2019-06-25,1557.5,1532.5,1532.5,1550.0,853600.0,1513.109619140625
2019-06-26,1547.5,1499.5,1540.0,1505.0,927600.0,1469.1806640625
2019-06-27,1520.0,1493.5,1505.0,1512.5,853600.0,1476.502197265625
2019-06-28,1530.0,1502.5,1512.5,1527.5,1141800.0,1491.14501953125
2019-07-01,1550.0,1510.0,1525.0,1550.0,862800.0,1513.109619140625
2019-07-02,1547.5,1520.0,1535.0,1535.0,672200.0,1498.4666748046875
2019-07-03,1535.0,1515.0,1520.0,1527.5,558000.0,1491.14501953125
2019-07-04,1530.0,1515.0,1525.0,1525.0,645200.0,1488.70458984375
2019-07-05,1540.0,1525.0,1525.0,1537.5,593200.0,1500.9072265625
2019-07-08,1530.0,1500.0,1525.0,1507.5,674400.0,1471.62109375
2019-07-09,1520.0,1485.5,1499.5,1486.0,1058200.0,1450.6329345703125
2019-07-10,1510.0,1466.5,1475.0,1505.0,958400.0,1469.1806640625
2019-07-11,1525.0,1500.0,1500.0,1510.0,946400.0,1474.0615234375
2019-07-12,1512.5,1500.0,1510.0,1505.0,653600.0,1469.1806640625
2019-07-16,1507.5,1488.0,1505.0,1502.5,1050200.0,1466.7401123046875
2019-07-17,1525.0,1498.0,1498.0,1522.5,774000.0,1486.26416015625
2019-07-18,1525.0,1487.5,1507.5,1494.0,1342200.0,1458.4423828125
2019-07-19,1530.0,1493.5,1495.5,1527.5,1020000.0,1491.14501953125
2019-07-22,1527.5,1502.5,1522.5,1507.5,395200.0,1471.62109375
2019-07-23,1530.0,1505.0,1515.0,1530.0,390400.0,1493.5855712890625
2019-07-24,1532.5,1510.0,1532.5,1520.0,524200.0,1483.8236083984375
2019-07-25,1517.5,1500.0,1507.5,1505.0,591600.0,1469.1806640625
2019-07-26,1515.0,1500.0,1502.5,1515.0,495200.0,1478.942626953125
2019-07-29,1535.0,1520.0,1525.0,1535.0,471400.0,1498.4666748046875
2019-07-30,1522.5,1499.0,1517.5,1512.5,977800.0,1476.502197265625
2019-07-31,1472.0,1433.0,1469.0,1443.5,2663200.0,1409.1444091796875
2019-08-01,1419.0,1358.0,1400.0,1370.0,3491600.0,1337.3935546875
2019-08-02,1382.0,1316.5,1346.0,1355.0,2171400.0,1322.7506103515625
2019-08-05,1371.0,1336.5,1355.0,1358.5,2075000.0,1326.1673583984375
2019-08-06,1346.5,1326.5,1328.5,1344.0,1407000.0,1312.0125732421875
2019-08-07,1369.0,1338.0,1355.5,1363.5,1192800.0,1331.04833984375
2019-08-08,1370.5,1339.0,1367.0,1355.0,958400.0,1322.7506103515625
2019-08-09,1367.5,1348.0,1361.0,1355.0,972000.0,1322.7506103515625
2019-08-13,1360.0,1344.0,1345.0,1356.0,1303800.0,1323.7269287109375
2019-08-14,1373.5,1346.5,1372.5,1368.5,1102400.0,1335.9293212890625
2019-08-15,1361.5,1332.5,1343.5,1350.5,756000.0,1318.3577880859375
2019-08-16,1371.0,1341.5,1350.0,1350.5,1021800.0,1318.3577880859375
2019-08-19,1361.5,1319.0,1361.5,1339.5,1083400.0,1307.6195068359375
2019-08-20,1369.5,1350.0,1354.0,1369.0,1234800.0,1336.41748046875
2019-08-21,1374.5,1358.5,1366.0,1371.5,864200.0,1338.85791015625
2019-08-22,1394.0,1373.0,1375.0,1393.5,923200.0,1360.3343505859375
2019-08-23,1394.0,1380.5,1393.5,1386.5,582400.0,1353.5009765625
2019-08-26,1372.0,1352.5,1352.5,1367.5,1097800.0,1334.9532470703125
2019-08-27,1396.0,1378.5,1387.5,1381.5,800400.0,1348.6199951171875
2019-08-28,1397.0,1378.5,1378.5,1392.0,603000.0,1358.8699951171875
2019-08-29,1408.5,1387.5,1393.0,1405.0,767600.0,1371.5606689453125
2019-08-30,1428.5,1410.0,1420.0,1421.5,1189200.0,1387.66796875
2019-09-02,1413.5,1389.5,1403.0,1397.0,704600.0,1363.7510986328125
2019-09-03,1419.0,1391.0,1394.5,1411.5,402000.0,1377.9058837890625
2019-09-04,1415.5,1399.5,1402.5,1408.5,620000.0,1374.977294921875
2019-09-05,1446.0,1424.5,1427.5,1435.5,1055200.0,1401.334716796875
2019-09-06,1444.0,1404.0,1444.0,1406.0,843800.0,1372.536865234375
2019-09-09,1430.0,1406.0,1406.0,1424.0,655200.0,1390.1085205078125
2019-09-10,1416.5,1392.0,1414.5,1410.5,1134600.0,1376.929931640625
2019-09-11,1447.5,1412.5,1418.0,1437.0,1008600.0,1402.799072265625
2019-09-12,1449.5,1420.0,1449.5,1421.5,1360800.0,1387.66796875
2019-09-13,1386.0,1350.0,1356.5,1365.0,3828000.0,1332.5126953125
2019-09-17,1374.0,1354.0,1357.5,1364.5,2150200.0,1332.024658203125
2019-09-18,1367.0,1342.5,1350.5,1363.0,1796600.0,1330.5601806640625
2019-09-19,1378.0,1360.0,1368.0,1375.5,2008200.0,1342.7628173828125
2019-09-20,1361.0,1342.0,1357.5,1351.0,3336000.0,1318.8458251953125
2019-09-24,1369.0,1340.0,1340.5,1361.0,1983400.0,1328.6077880859375
2019-09-25,1385.5,1362.5,1364.5,1380.0,1394000.0,1347.1556396484375
2019-09-26,1395.5,1349.0,1395.0,1353.0,2411200.0,1320.79833984375
2019-09-27,1363.5,1332.5,1353.5,1345.0,1388000.0,1323.7508544921875
2019-09-30,1347.0,1318.0,1340.0,1322.5,1466400.0,1301.6063232421875
2019-10-01,1356.0,1332.0,1340.0,1349.5,1246800.0,1328.1798095703125
2019-10-02,1358.5,1340.5,1347.0,1348.5,1217800.0,1327.195556640625
2019-10-03,1321.5,1302.5,1315.0,1315.5,1581600.0,1294.7169189453125
2019-10-04,1319.0,1298.5,1308.0,1318.5,1608400.0,1297.6695556640625
2019-10-07,1330.0,1318.0,1320.5,1325.5,858000.0,1304.5589599609375
2019-10-08,1343.0,1328.5,1340.5,1334.0,1123400.0,1312.924560546875
2019-10-09,1332.0,1316.5,1324.0,1325.5,1256200.0,1304.5589599609375
2019-10-10,1343.5,1314.5,1336.0,1332.0,1101600.0,1310.956298828125
2019-10-11,1336.0,1317.5,1336.0,1331.5,870200.0,1310.464111328125
2019-10-15,1356.0,1332.5,1350.5,1336.0,1118000.0,1314.8931884765625
2019-10-16,1357.0,1337.0,1348.0,1348.0,821000.0,1326.7034912109375
2019-10-17,1357.0,1323.5,1343.0,1328.0,1194200.0,1307.019287109375
2019-10-18,1337.5,1302.0,1336.5,1306.0,1365200.0,1285.3670654296875
2019-10-21,1329.0,1314.5,1316.5,1320.5,718200.0,1299.637939453125
2019-10-23,1321.0,1256.0,1315.5,1278.5,2925400.0,1258.301513671875
2019-10-24,1309.5,1289.0,1299.5,1292.0,2056200.0,1271.588134765625
2019-10-25,1333.0,1303.5,1332.0,1311.5,2605600.0,1290.780029296875
2019-10-28,1320.5,1302.5,1310.0,1309.0,1033000.0,1288.3197021484375
2019-10-29,1318.0,1299.0,1315.0,1301.5,1189000.0,1280.938232421875
2019-10-30,1337.0,1313.5,1318.0,1335.5,4713800.0,1314.40087890625
2019-10-31,1371.5,1341.0,1357.0,1344.5,2304200.0,1323.2587890625
2019-11-01,1404.5,1344.0,1400.0,1351.0,2526400.0,1329.656005859375
2019-11-05,1365.5,1328.5,1365.0,1335.5,1820800.0,1314.40087890625
2019-11-06,1357.0,1331.5,1345.0,1350.0,1114400.0,1328.671875
2019-11-07,1360.0,1324.0,1354.5,1332.0,1396000.0,1310.956298828125
2019-11-08,1350.5,1318.5,1350.5,1333.0,1485800.0,1311.9405517578125
2019-11-11,1338.5,1319.0,1330.5,1332.5,1185000.0,1311.4483642578125
2019-11-12,1362.0,1334.0,1335.5,1362.0,1336200.0,1340.4822998046875
2019-11-13,1364.5,1352.0,1361.0,1358.5,974000.0,1337.03759765625
2019-11-14,1355.0,1333.5,1339.5,1349.0,1415200.0,1327.6876220703125
2019-11-15,1374.5,1353.5,1360.0,1364.0,1282600.0,1342.45068359375
2019-11-18,1363.5,1345.0,1360.0,1353.5,775200.0,1332.1165771484375
2019-11-19,1385.5,1370.0,1375.0,1376.5,1221000.0,1354.7532958984375
2019-11-20,1373.0,1346.0,1367.0,1356.0,1333800.0,1334.5771484375
2019-11-21,1350.5,1329.5,1342.0,1345.0,1089600.0,1323.7508544921875
2019-11-22,1350.5,1330.0,1335.0,1341.5,1075600.0,1320.30615234375
2019-11-25,1366.5,1349.5,1355.5,1354.5,951200.0,1333.1007080078125
2019-11-26,1356.5,1333.5,1354.5,1333.5,2456200.0,1312.4324951171875
2019-11-27,1350.0,1339.0,1348.5,1341.5,668000.0,1320.30615234375
2019-11-28,1338.5,1319.5,1338.5,1322.0,794600.0,1301.1141357421875
2019-11-29,1331.0,1307.5,1324.0,1313.0,969800.0,1292.2564697265625
2019-12-02,1330.0,1314.0,1316.0,1316.5,907200.0,1295.701171875
2019-12-03,1301.5,1287.0,1300.0,1292.0,1205000.0,1271.588134765625
2019-12-04,1307.0,1278.0,1279.0,1305.0,1310000.0,1284.3828125
2019-12-05,1310.0,1293.0,1310.0,1305.0,681400.0,1284.3828125
2019-12-06,1305.5,1295.0,1304.5,1299.5,750200.0,1278.9696044921875
2019-12-09,1318.5,1303.0,1312.0,1318.5,1024000.0,1297.6695556640625
2019-12-10,1311.0,1294.0,1305.0,1294.5,1030200.0,1274.0487060546875
2019-12-11,1285.0,1271.0,1285.0,1278.5,1342000.0,1258.301513671875
2019-12-12,1298.5,1283.0,1284.5,1290.5,1258400.0,1270.11181640625
2019-12-13,1307.5,1284.5,1305.0,1288.0,1228800.0,1267.6513671875
2019-12-16,1284.5,1269.0,1281.5,1270.5,916000.0,1250.4278564453125
2019-12-17,1275.0,1264.5,1275.0,1271.5,1140200.0,1251.4119873046875
2019-12-18,1293.5,1271.5,1283.0,1271.5,1392600.0,1251.4119873046875
2019-12-19,1269.0,1258.0,1265.0,1261.5,1122600.0,1241.570068359375
2019-12-20,1289.0,1266.5,1271.0,1289.0,2707800.0,1268.6356201171875
2019-12-23,1284.0,1256.5,1284.0,1267.5,1638400.0,1247.4752197265625
2019-12-24,1264.0,1254.0,1263.0,1260.5,1656400.0,1240.5858154296875
2019-12-25,1266.0,1246.0,1256.0,1261.0,1609000.0,1241.077880859375
2019-12-26,1267.5,1254.0,1254.5,1267.0,1340000.0,1246.983154296875
2019-12-27,1273.0,1259.0,1265.5,1264.0,1235600.0,1244.030517578125
2019-12-30,1256.5,1230.0,1255.0,1230.0,1981000.0,1210.5677490234375
2020-01-06,1221.5,1186.5,1215.0,1189.0,2142400.0,1170.2154541015625
2020-01-07,1210.5,1181.5,1181.5,1208.0,1789600.0,1188.915283203125
2020-01-08,1210.0,1188.0,1190.5,1203.5,2465800.0,1184.4864501953125
2020-01-09,1221.5,1201.0,1201.5,1216.5,1501600.0,1197.281005859375
2020-01-10,1248.0,1229.5,1235.0,1239.0,2249600.0,1219.425537109375
2020-01-14,1232.5,1217.0,1232.5,1219.0,1266600.0,1199.741455078125
2020-01-15,1222.0,1206.0,1214.0,1221.0,1015200.0,1201.7098388671875
2020-01-16,1239.5,1219.0,1230.0,1226.5,1010200.0,1207.123046875
2020-01-17,1228.0,1211.0,1213.0,1228.0,1390400.0,1208.5992431640625
2020-01-20,1248.5,1233.0,1238.5,1245.0,1138600.0,1225.3306884765625
2020-01-21,1241.5,1228.5,1241.0,1229.5,549800.0,1210.0755615234375
2020-01-22,1228.5,1219.0,1225.0,1224.5,819200.0,1205.154541015625
2020-01-23,1211.0,1186.5,1210.5,1188.5,1425800.0,1169.723388671875
2020-01-24,1194.5,1182.5,1186.0,1194.0,1068200.0,1175.136474609375
2020-01-27,1188.0,1167.0,1172.5,1185.5,1279000.0,1166.770751953125
2020-01-28,1182.5,1160.5,1175.5,1162.5,1389200.0,1144.1341552734375
2020-01-29,1175.0,1163.0,1171.5,1173.5,982200.0,1154.9603271484375
2020-01-30,1172.5,1155.0,1167.5,1170.0,1041400.0,1151.515625
2020-01-31,1183.5,1160.5,1176.5,1162.5,2254400.0,1144.1341552734375
2020-02-03,1209.5,1162.5,1187.0,1196.0,3457800.0,1177.1048583984375
2020-02-04,1191.0,1170.0,1173.5,1181.5,2079800.0,1162.8338623046875
2020-02-05,1223.5,1193.0,1199.5,1217.5,2244600.0,1198.26513671875
2020-02-06,1236.0,1222.0,1229.5,1223.5,1824800.0,1204.17041015625
2020-02-07,1231.5,1204.0,1231.5,1205.5,1211200.0,1186.4547119140625
2020-02-10,1212.5,1200.5,1212.5,1206.0,966600.0,1186.9468994140625
2020-02-12,1194.0,1176.0,1186.5,1181.5,1553000.0,1162.8338623046875
2020-02-13,1192.5,1179.0,1191.0,1190.5,984000.0,1171.691650390625
2020-02-14,1189.0,1168.5,1183.5,1172.0,1193800.0,1153.4840087890625
2020-02-17,1160.5,1131.0,1156.0,1150.0,1806400.0,1131.83154296875
2020-02-18,1145.0,1119.0,1144.5,1125.5,1380800.0,1107.71875
2020-02-19,1133.0,1115.5,1130.0,1119.5,1197400.0,1101.8134765625
2020-02-20,1142.0,1111.5,1134.0,1114.5,1320000.0,1096.892333984375
2020-02-21,1116.0,1102.5,1106.5,1112.0,1153800.0,1094.431884765625
2020-02-25,1086.0,1072.0,1075.0,1077.0,1697000.0,1059.98486328125
2020-02-26,1074.5,1058.0,1071.5,1059.0,2200800.0,1042.269287109375
2020-02-27,1104.5,1068.5,1070.5,1096.5,3250400.0,1079.1767578125
2020-02-28,1073.0,1040.0,1066.5,1064.0,3555000.0,1047.1903076171875
2020-03-02,1082.0,1043.0,1049.5,1068.0,2603600.0,1051.1270751953125
2020-03-03,1097.0,1059.5,1070.5,1059.5,1740200.0,1042.7613525390625
2020-03-04,1059.5,1033.0,1045.0,1046.5,1382600.0,1029.966796875
2020-03-05,1086.0,1057.5,1070.0,1080.5,1738400.0,1063.4295654296875
2020-03-06,1111.0,1070.0,1070.0,1104.0,3924200.0,1086.5582275390625
2020-03-09,1099.0,1071.0,1079.0,1077.0,2970400.0,1059.98486328125
2020-03-10,1095.0,1028.0,1056.5,1091.5,3134000.0,1074.2557373046875
2020-03-11,1108.5,1062.5,1082.5,1074.0,2712200.0,1057.0322265625
2020-03-12,1076.5,1043.0,1071.5,1056.5,2521400.0,1039.808837890625
2020-03-13,1066.0,988.5,1021.5,1042.0,3620400.0,1025.5379638671875
2020-03-16,1071.0,1016.5,1041.0,1019.0,2296200.0,1002.9011840820312
2020-03-17,1091.0,995.5,1002.5,1087.5,3613200.0,1070.3189697265625
2020-03-18,1202.0,1092.0,1104.0,1147.0,4179000.0,1128.87890625
2020-03-19,1280.5,1187.0,1196.5,1264.0,6441400.0,1244.030517578125
2020-03-23,1275.5,1133.0,1269.0,1205.0,4224400.0,1185.962646484375
2020-03-24,1221.0,1130.0,1221.0,1168.5,3329400.0,1150.0394287109375
2020-03-25,1222.5,1130.5,1180.0,1220.0,2720400.0,1200.7257080078125
2020-03-26,1226.0,1132.5,1182.5,1206.0,3567400.0,1186.9468994140625
2020-03-27,1256.0,1192.0,1250.0,1256.0,2875200.0,1236.1568603515625
2020-03-30,1263.5,1203.0,1242.5,1262.5,2383800.0,1253.5325927734375
2020-03-31,1299.0,1238.5,1287.5,1286.5,3216200.0,1277.3621826171875
2020-04-01,1289.5,1240.0,1276.0,1248.5,1483400.0,1239.632080078125
2020-04-02,1297.0,1252.0,1272.0,1286.5,2300200.0,1277.3621826171875
2020-04-03,1362.0,1304.0,1305.0,1333.5,3977600.0,1324.0283203125
2020-04-06,1353.0,1301.5,1340.0,1322.0,2131000.0,1312.6099853515625
2020-04-07,1349.0,1311.0,1325.0,1341.0,1966800.0,1331.47509765625
2020-04-08,1358.5,1312.0,1330.0,1338.5,2151200.0,1328.9927978515625
2020-04-09,1346.0,1291.0,1341.5,1316.0,1701400.0,1306.652587890625
2020-04-10,1331.0,1279.0,1304.0,1320.5,1286600.0,1311.1207275390625
2020-04-13,1363.5,1316.0,1324.0,1354.5,1328000.0,1344.879150390625
2020-04-14,1404.0,1357.5,1357.5,1404.0,1947800.0,1394.027587890625
2020-04-15,1455.0,1413.0,1416.5,1453.5,2806400.0,1443.176025390625
2020-04-16,1464.0,1424.5,1428.5,1449.0,1836400.0,1438.7080078125
2020-04-17,1481.0,1436.5,1480.5,1440.0,2172000.0,1429.7718505859375
2020-04-20,1452.0,1417.0,1427.5,1440.0,1274600.0,1429.7718505859375
2020-04-21,1481.5,1435.0,1440.5,1461.5,2344000.0,1451.119140625
2020-04-22,1487.0,1440.0,1446.5,1487.0,2202000.0,1476.4381103515625
2020-04-23,1532.5,1479.0,1491.5,1515.0,2642200.0,1504.2391357421875
2020-04-24,1535.0,1495.0,1527.5,1515.0,1707800.0,1504.2391357421875
2020-04-27,1550.0,1512.5,1525.0,1517.5,1317800.0,1506.7213134765625
2020-04-28,1487.5,1445.5,1450.0,1475.0,3238800.0,1464.523193359375
2020-04-30,1535.0,1442.5,1475.0,1496.0,4043800.0,1485.3740234375
2020-05-01,1560.0,1495.0,1496.0,1527.5,2477000.0,1516.650390625
2020-05-07,1542.5,1485.5,1530.0,1527.5,2227000.0,1516.650390625
2020-05-08,1547.5,1510.0,1545.0,1515.0,1252400.0,1504.2391357421875
2020-05-11,1537.5,1512.5,1517.5,1522.5,1249200.0,1511.6859130859375
2020-05-12,1565.0,1535.0,1540.0,1550.0,1679400.0,1538.9906005859375
2020-05-13,1575.0,1545.0,1550.0,1567.5,1244800.0,1556.3663330078125
2020-05-14,1565.0,1532.5,1560.0,1535.0,1434400.0,1524.0970458984375
2020-05-15,1557.5,1532.5,1540.0,1542.5,1129600.0,1531.543701171875
2020-05-18,1605.0,1555.0,1557.5,1592.5,2479000.0,1581.188720703125
2020-05-19,1632.5,1577.5,1592.5,1630.0,2151400.0,1618.42236328125
2020-05-20,1662.5,1622.5,1642.5,1652.5,2556800.0,1640.762451171875
2020-05-21,1665.0,1632.5,1652.5,1650.0,1971400.0,1638.2802734375
2020-05-22,1695.0,1662.5,1670.0,1677.5,1882800.0,1665.5848388671875
2020-05-25,1717.5,1667.5,1695.0,1677.5,1521200.0,1665.5848388671875
2020-05-26,1660.0,1610.0,1660.0,1652.5,2444800.0,1640.762451171875
2020-05-27,1687.5,1647.5,1667.5,1662.5,2219000.0,1650.6915283203125
2020-05-28,1722.5,1660.0,1680.0,1707.5,3204400.0,1695.371826171875
2020-05-29,1760.0,1707.5,1712.5,1757.5,13998000.0,1745.0167236328125
2020-06-01,1780.0,1752.5,1762.5,1775.0,1475600.0,1762.392333984375
2020-06-02,1775.0,1737.5,1765.0,1762.5,1964400.0,1749.981201171875
2020-06-03,1772.5,1710.0,1772.5,1732.5,2391800.0,1720.1942138671875
2020-06-04,1730.0,1690.0,1722.5,1725.0,1853600.0,1712.74755859375
2020-06-05,1750.0,1712.5,1720.0,1720.0,1604600.0,1707.782958984375
2020-06-08,1732.5,1667.5,1730.0,1695.0,1764400.0,1682.9605712890625
2020-06-09,1722.5,1682.5,1692.5,1715.0,1222000.0,1702.818603515625
2020-06-10,1742.5,1717.5,1722.5,1730.0,1048800.0,1717.7120361328125
2020-06-11,1792.5,1725.0,1735.0,1785.0,1734200.0,1772.3214111328125
2020-06-12,1772.5,1705.0,1715.0,1772.5,1864400.0,1759.9100341796875
2020-06-15,1767.5,1715.0,1752.5,1727.5,1759600.0,1715.2298583984375
2020-06-16,1750.0,1710.0,1750.0,1740.0,1168400.0,1727.6409912109375
2020-06-17,1760.0,1727.5,1750.0,1732.5,817200.0,1720.1942138671875
2020-06-18,1745.0,1722.5,1735.0,1737.5,592400.0,1725.15869140625
2020-06-19,1775.0,1727.5,1752.5,1767.5,2061800.0,1754.9456787109375
2020-06-22,1765.0,1737.5,1757.5,1750.0,922600.0,1737.5699462890625
2020-06-23,1757.5,1727.5,1750.0,1747.5,1424600.0,1735.087646484375
2020-06-24,1750.0,1717.5,1747.5,1735.0,729000.0,1722.676513671875
2020-06-25,1792.5,1757.5,1770.0,1780.0,1930400.0,1767.35693359375
2020-06-26,1790.0,1745.0,1787.5,1760.0,1795800.0,1747.4989013671875
2020-06-29,1765.0,1737.5,1760.0,1750.0,1458600.0,1737.5699462890625
2020-06-30,1765.0,1732.5,1735.0,1760.0,2043000.0,1747.4989013671875
2020-07-01,1775.0,1730.0,1775.0,1735.0,908600.0,1722.676513671875
2020-07-02,1780.0,1732.5,1742.5,1767.5,1565400.0,1754.9456787109375
2020-07-03,1780.0,1742.5,1755.0,1775.0,661800.0,1762.392333984375
2020-07-06,1805.0,1787.5,1790.0,1797.5,764200.0,1784.732666015625
2020-07-07,1877.5,1775.0,1800.0,1872.5,2313400.0,1859.1998291015625
2020-07-08,1912.5,1862.5,1900.0,1865.0,1448000.0,1851.753173828125
2020-07-09,1905.0,1860.0,1895.0,1887.5,1200000.0,1874.09326171875
2020-07-10,1897.5,1852.5,1890.0,1852.5,1347400.0,1839.3419189453125
2020-07-13,1882.5,1837.5,1877.5,1877.5,934000.0,1864.1644287109375
2020-07-14,1890.0,1852.5,1872.5,1860.0,1007400.0,1846.7886962890625
2020-07-15,1897.5,1865.0,1895.0,1887.5,850400.0,1874.09326171875
2020-07-16,1887.5,1845.0,1862.5,1870.0,982800.0,1856.717529296875
2020-07-17,1905.0,1880.0,1882.5,1892.5,816600.0,1879.057861328125
2020-07-20,1925.0,1885.0,1907.5,1915.0,1121200.0,1901.39794921875
2020-07-21,1925.0,1895.0,1910.0,1902.5,1122600.0,1888.98681640625
2020-07-22,1875.0,1830.0,1867.5,1842.5,1467800.0,1829.4129638671875
2020-07-27,1855.0,1830.0,1840.0,1852.5,834200.0,1839.3419189453125
2020-07-28,1865.0,1845.0,1862.5,1850.0,642600.0,1836.8597412109375
2020-07-29,1882.5,1855.0,1857.5,1870.0,985200.0,1856.717529296875
2020-07-30,1915.0,1882.5,1885.0,1892.5,995200.0,1879.057861328125
2020-07-31,1972.5,1925.0,1962.5,1935.0,2301000.0,1921.2559814453125
2020-08-03,2285.0,2110.0,2110.0,2285.0,3701000.0,2268.77001953125
2020-08-04,2387.5,2240.0,2260.0,2380.0,3313800.0,2363.094970703125
2020-08-05,2387.5,2320.0,2345.0,2367.5,2425800.0,2350.68408203125
2020-08-06,2395.0,2342.5,2350.0,2342.5,1244800.0,2325.861572265625
2020-08-07,2422.5,2377.5,2385.0,2410.0,1654600.0,2392.882080078125
2020-08-11,2470.0,2375.0,2387.5,2440.0,1481200.0,2422.6689453125
2020-08-12,2450.0,2345.0,2427.5,2365.0,2443800.0,2348.20166015625
2020-08-13,2435.0,2375.0,2397.5,2435.0,1833200.0,2417.704345703125
2020-08-14,2450.0,2397.5,2447.5,2425.0,880400.0,2407.775634765625
2020-08-17,2440.0,2380.0,2427.5,2380.0,750000.0,2363.094970703125
2020-08-18,2445.0,2395.0,2402.5,2437.5,1033600.0,2420.186767578125
2020-08-19,2477.5,2440.0,2462.5,2455.0,765600.0,2437.5625
2020-08-20,2470.0,2437.5,2470.0,2455.0,908200.0,2437.5625
2020-08-21,2492.5,2447.5,2460.0,2467.5,1059000.0,2449.9736328125
2020-08-24,2520.0,2460.0,2462.5,2505.0,777200.0,2487.207275390625
2020-08-25,2482.5,2432.5,2467.5,2460.0,1376200.0,2442.52685546875
2020-08-26,2485.0,2455.0,2475.0,2475.0,767000.0,2457.42041015625
2020-08-27,2482.5,2450.0,2467.5,2465.0,849200.0,2447.491455078125
2020-08-28,2462.5,2382.5,2450.0,2412.5,997600.0,2395.3642578125
2020-08-31,2445.0,2412.5,2440.0,2437.5,907000.0,2420.186767578125
2020-09-01,2450.0,2397.5,2447.5,2425.0,975800.0,2407.775634765625
2020-09-02,2545.0,2442.5,2450.0,2545.0,1498000.0,2526.923095703125
2020-09-03,2525.0,2492.5,2515.0,2500.0,850000.0,2482.242919921875
2020-09-04,2492.5,2415.0,2450.0,2462.5,857200.0,2445.009033203125
2020-09-07,2472.5,2400.0,2455.0,2412.5,651200.0,2395.3642578125
2020-09-08,2427.5,2350.0,2427.5,2397.5,970200.0,2380.470947265625
2020-09-09,2367.5,2317.5,2330.0,2365.0,1519000.0,2348.20166015625
2020-09-10,2370.0,2277.5,2362.5,2307.5,1812000.0,2291.110107421875
2020-09-11,2320.0,2255.0,2292.5,2307.5,1396200.0,2291.110107421875
2020-09-14,2302.5,2245.0,2302.5,2295.0,1690600.0,2278.698974609375
2020-09-15,2282.5,2257.5,2277.5,2277.5,1138800.0,2261.3232421875
2020-09-16,2355.0,2302.5,2305.0,2355.0,1213600.0,2338.272705078125
2020-09-17,2432.5,2340.0,2367.5,2422.5,1648800.0,2405.293212890625
2020-09-18,2430.0,2405.0,2420.0,2412.5,2245200.0,2395.3642578125
2020-09-23,2467.5,2395.0,2447.5,2417.5,1155400.0,2400.328857421875
2020-09-24,2437.5,2330.0,2407.5,2385.0,1927800.0,2368.0595703125
2020-09-25,2735.0,2510.0,2525.0,2735.0,3210600.0,2715.573486328125
2020-09-28,2850.0,2720.0,2835.0,2830.0,2712000.0,2809.89892578125
2020-09-29,2885.0,2755.0,2865.0,2815.0,1461800.0,2799.952392578125
2020-09-30,2835.0,2725.0,2825.0,2725.0,1279400.0,2710.433349609375
2020-10-02,2785.0,2655.0,2750.0,2665.0,1645000.0,2650.754150390625
2020-10-05,2695.0,2615.0,2680.0,2650.0,1023200.0,2635.83447265625
2020-10-06,2670.0,2615.0,2625.0,2655.0,750800.0,2640.8076171875
2020-10-07,2685.0,2615.0,2645.0,2670.0,698200.0,2655.7275390625
2020-10-08,2805.0,2675.0,2685.0,2780.0,1104600.0,2765.139404296875
2020-10-09,2830.0,2760.0,2775.0,2820.0,952800.0,2804.925537109375
2020-10-12,2855.0,2795.0,2810.0,2850.0,730600.0,2834.76513671875
2020-10-13,2885.0,2830.0,2885.0,2855.0,779000.0,2839.738525390625
2020-10-14,2895.0,2835.0,2855.0,2875.0,726400.0,2859.631591796875
2020-10-15,2895.0,2790.0,2860.0,2800.0,806200.0,2785.032470703125
2020-10-16,2810.0,2740.0,2770.0,2770.0,753800.0,2755.19287109375
2020-10-19,2890.0,2800.0,2820.0,2875.0,714600.0,2859.631591796875
2020-10-20,2915.0,2790.0,2885.0,2800.0,903800.0,2785.032470703125
2020-10-21,2815.0,2755.0,2805.0,2765.0,761400.0,2750.2197265625
2020-10-22,2800.0,2740.0,2785.0,2770.0,543600.0,2755.19287109375
2020-10-23,2770.0,2700.0,2740.0,2740.0,596600.0,2725.353271484375
2020-10-26,2640.0,2565.0,2630.0,2580.0,1261000.0,2566.20849609375
2020-10-27,2690.0,2595.0,2615.0,2675.0,1006800.0,2660.70068359375
2020-10-28,2765.0,2655.0,2670.0,2755.0,2002400.0,2740.273193359375
2020-10-29,2750.0,2548.0,2740.0,2579.0,1577800.0,2565.2138671875
2020-10-30,2620.0,2515.0,2548.0,2515.0,1305800.0,2501.555908203125
2020-11-02,2651.0,2532.0,2650.0,2586.0,1427500.0,2572.176513671875
2020-11-04,2670.0,2495.0,2636.0,2495.0,1554100.0,2481.662841796875
2020-11-05,2636.0,2534.0,2544.0,2624.0,1070100.0,2609.973388671875
2020-11-06,2656.0,2577.0,2602.0,2655.0,1245700.0,2640.8076171875
2020-11-09,2767.0,2673.0,2693.0,2747.0,870300.0,2732.31591796875
2020-11-10,2651.0,2522.0,2640.0,2530.0,2215800.0,2516.475830078125
2020-11-11,2635.0,2473.0,2580.0,2568.0,2091800.0,2554.272705078125
2020-11-12,2660.0,2582.0,2638.0,2618.0,1011200.0,2604.00537109375
2020-11-13,2663.0,2583.0,2657.0,2609.0,909100.0,2595.053466796875
2020-11-16,2604.0,2560.0,2600.0,2569.0,1084200.0,2555.267333984375
2020-11-17,2568.0,2448.0,2541.0,2471.0,1651500.0,2457.791259765625
2020-11-18,2563.0,2463.0,2509.0,2487.0,1547100.0,2473.70556640625
2020-11-19,2712.0,2513.0,2522.0,2712.0,2464000.0,2697.5029296875
2020-11-20,2793.0,2711.0,2777.0,2723.0,1572800.0,2708.444091796875
2020-11-24,2789.0,2684.0,2765.0,2768.0,1386000.0,2753.20361328125
2020-11-25,2922.0,2763.0,2780.0,2873.0,2619200.0,2857.642333984375
2020-11-26,3000.0,2842.0,2858.0,2988.0,1302600.0,2972.027587890625
2020-11-27,3090.0,3015.0,3015.0,3060.0,1571100.0,3043.642578125
2020-11-30,3140.0,3060.0,3085.0,3120.0,2404000.0,3103.322021484375
2020-12-01,3165.0,3080.0,3150.0,3090.0,986500.0,3073.482421875
2020-12-02,3110.0,2999.0,3110.0,3030.0,1158200.0,3013.802978515625
2020-12-03,3060.0,2955.0,3050.0,2963.0,1048400.0,2947.1611328125
2020-12-04,2988.0,2881.0,2935.0,2894.0,824400.0,2878.530029296875
2020-12-07,2933.0,2872.0,2933.0,2885.0,744100.0,2869.578125
2020-12-08,2941.0,2863.0,2904.0,2894.0,988500.0,2878.530029296875
2020-12-09,2890.0,2806.0,2844.0,2868.0,991400.0,2852.6689453125
2020-12-10,2811.0,2722.0,2800.0,2809.0,1285900.0,2793.984375
2020-12-11,2869.0,2765.0,2771.0,2852.0,1247200.0,2836.754638671875
2020-12-14,2924.0,2839.0,2873.0,2845.0,978700.0,2829.7919921875
2020-12-15,2900.0,2807.0,2873.0,2861.0,831100.0,2845.70654296875
2020-12-16,3030.0,2890.0,2929.0,2914.0,1484100.0,2898.423095703125
2020-12-17,3040.0,2874.0,2899.0,3035.0,1021600.0,3018.7763671875
2020-12-18,3095.0,3000.0,3095.0,3025.0,1668700.0,3008.829833984375
2020-12-21,3020.0,2951.0,2977.0,3020.0,1181700.0,3003.8564453125
2020-12-22,2995.0,2809.0,2984.0,2811.0,1405900.0,2795.9736328125
2020-12-23,2825.0,2771.0,2818.0,2809.0,1024900.0,2793.984375
2020-12-24,2824.0,2776.0,2804.0,2810.0,757300.0,2794.97900390625
2020-12-25,2823.0,2753.0,2822.0,2783.0,601000.0,2768.123291015625
2020-12-28,2869.0,2781.0,2795.0,2841.0,1273500.0,2825.8134765625
2020-12-29,2897.0,2803.0,2803.0,2896.0,1026500.0,2880.519287109375
2020-12-30,2881.0,2811.0,2867.0,2812.0,840600.0,2796.968505859375
2021-01-04,2882.0,2808.0,2851.0,2882.0,713000.0,2866.59423828125
2021-01-05,2881.0,2813.0,2871.0,2844.0,856400.0,2828.79736328125
2021-01-06,2879.0,2810.0,2817.0,2820.0,1040000.0,2804.925537109375
2021-01-07,2988.0,2861.0,2870.0,2978.0,1559400.0,2962.0810546875
2021-01-08,2985.0,2905.0,2951.0,2969.0,1061900.0,2953.129150390625
2021-01-12,2979.0,2851.0,2979.0,2877.0,1289200.0,2861.620849609375
2021-01-13,2952.0,2834.0,2855.0,2945.0,1038800.0,2929.25732421875
2021-01-14,3055.0,2943.0,2945.0,3005.0,1424300.0,2988.936767578125
2021-01-15,3030.0,2903.0,3010.0,2906.0,1148600.0,2890.4658203125
2021-01-18,2943.0,2866.0,2896.0,2940.0,738500.0,2924.2841796875
2021-01-19,2966.0,2895.0,2941.0,2958.0,920200.0,2942.18798828125
2021-01-20,2929.0,2791.0,2927.0,2811.0,1602400.0,2795.9736328125
2021-01-21,2858.0,2793.0,2848.0,2837.0,1215700.0,2821.834716796875
2021-01-22,2831.0,2761.0,2772.0,2804.0,1309600.0,2789.01123046875
2021-01-25,2826.0,2751.0,2803.0,2775.0,1084200.0,2760.166259765625
2021-01-26,2810.0,2731.0,2775.0,2802.0,1078400.0,2787.021728515625
2021-01-27,2836.0,2767.0,2802.0,2814.0,1393700.0,2798.957763671875
2021-01-28,2789.0,2723.0,2730.0,2739.0,4211500.0,2724.358642578125
2021-01-29,2825.0,2690.0,2759.0,2691.0,1725600.0,2676.615234375
2021-02-01,2638.0,2490.0,2541.0,2602.0,2435100.0,2588.091064453125
2021-02-02,2702.0,2582.0,2640.0,2603.0,1550800.0,2589.085693359375
2021-02-03,2621.0,2532.0,2621.0,2600.0,1717000.0,2586.1015625
2021-02-04,2634.0,2556.0,2609.0,2584.0,1154600.0,2570.187255859375
2021-02-05,2610.0,2551.0,2607.0,2556.0,976100.0,2542.3369140625
2021-02-08,2578.0,2523.0,2556.0,2572.0,1216400.0,2558.251220703125
2021-02-09,2635.0,2573.0,2576.0,2634.0,1534700.0,2619.919921875
2021-02-10,2644.0,2604.0,2633.0,2634.0,759200.0,2619.919921875
2021-02-12,2659.0,2612.0,2656.0,2639.0,828500.0,2624.89306640625
2021-02-15,2669.0,2633.0,2660.0,2661.0,982200.0,2646.775634765625
2021-02-16,2712.0,2638.0,2684.0,2656.0,1328400.0,2641.80224609375
2021-02-17,2633.0,2578.0,2625.0,2596.0,1288300.0,2582.123046875
2021-02-18,2668.0,2630.0,2638.0,2644.0,1531000.0,2629.866455078125
2021-02-19,2685.0,2585.0,2633.0,2685.0,1445400.0,2670.647216796875
2021-02-22,2666.0,2602.0,2664.0,2655.0,1243200.0,2640.8076171875
2021-02-24,2595.0,2501.0,2559.0,2516.0,2206500.0,2502.55078125
2021-02-25,2558.0,2524.0,2540.0,2529.0,1341900.0,2515.481201171875
2021-02-26,2529.0,2445.0,2509.0,2448.0,1729200.0,2434.9140625
2021-03-01,2548.0,2474.0,2488.0,2516.0,807400.0,2502.55078125
2021-03-02,2517.0,2458.0,2501.0,2482.0,1007000.0,2468.732421875
2021-03-03,2494.0,2403.0,2492.0,2464.0,1560800.0,2450.82861328125
2021-03-04,2458.0,2409.0,2423.0,2451.0,987500.0,2437.898193359375
2021-03-05,2458.0,2405.0,2439.0,2458.0,1095200.0,2444.860595703125
2021-03-08,2484.0,2388.0,2479.0,2402.0,1287500.0,2389.16015625
2021-03-09,2447.0,2386.0,2406.0,2437.0,1228400.0,2423.972900390625
2021-03-10,2483.0,2421.0,2446.0,2442.0,1131600.0,2428.9462890625
2021-03-11,2450.0,2379.0,2415.0,2447.0,1045000.0,2433.91943359375
2021-03-12,2499.0,2435.0,2448.0,2493.0,1058200.0,2479.673583984375
2021-03-15,2497.0,2432.0,2497.0,2443.0,1122700.0,2429.94091796875
2021-03-16,2474.0,2430.0,2455.0,2471.0,1220800.0,2457.791259765625
2021-03-17,2498.0,2456.0,2471.0,2485.0,860200.0,2471.71630859375
2021-03-18,2581.0,2480.0,2500.0,2580.0,2031000.0,2566.20849609375
2021-03-19,2578.0,2512.0,2574.0,2542.0,2978800.0,2528.41162109375
2021-03-22,2550.0,2501.0,2520.0,2539.0,870900.0,2525.427734375
2021-03-23,2585.0,2514.0,2548.0,2522.0,1005200.0,2508.5185546875
2021-03-24,2569.0,2522.0,2541.0,2537.0,1124800.0,2523.4384765625
2021-03-25,2555.0,2508.0,2535.0,2554.0,805000.0,2540.347412109375
2021-03-26,2565.0,2525.0,2547.0,2555.0,1392300.0,2541.34228515625
2021-03-29,2637.0,2577.0,2605.0,2619.0,1525400.0,2605.0
2021-03-30,2630.0,2525.0,2630.0,2542.0,1105000.0,2542.0
2021-03-31,2580.0,2494.0,2505.0,2537.0,1188400.0,2537.0
2021-04-01,2590.0,2522.0,2553.0,2525.0,607500.0,2525.0
2021-04-02,2558.0,2529.0,2550.0,2542.0,478700.0,2542.0
2021-04-05,2537.0,2500.0,2537.0,2514.0,605900.0,2514.0
2021-04-06,2527.0,2466.0,2527.0,2474.0,833100.0,2474.0
2021-04-07,2546.0,2468.0,2487.0,2542.0,1387700.0,2542.0
2021-04-08,2566.0,2527.0,2534.0,2557.0,1379600.0,2557.0
2021-04-09,2559.0,2497.0,2548.0,2509.0,1103200.0,2509.0
2021-04-12,2530.0,2500.0,2525.0,2505.0,721800.0,2505.0
2021-04-13,2528.0,2478.0,2499.0,2478.0,789100.0,2478.0
2021-04-14,2505.0,2447.0,2490.0,2454.0,776100.0,2454.0
2021-04-15,2554.0,2443.0,2454.0,2463.0,1093200.0,2463.0
2021-04-16,2522.0,2463.0,2481.0,2502.0,988000.0,2502.0
2021-04-19,2581.0,2497.0,2504.0,2575.0,1205200.0,2575.0
2021-04-20,2642.0,2546.0,2564.0,2565.0,1844600.0,2565.0
2021-04-21,2559.0,2513.0,2526.0,2549.0,1098600.0,2549.0
2021-04-22,2597.0,2531.0,2549.0,2577.0,1028200.0,2577.0
2021-04-23,2634.0,2575.0,2577.0,2634.0,1218900.0,2634.0
2021-04-26,2639.0,2514.0,2634.0,2517.0,1502100.0,2517.0
2021-04-27,2504.0,2452.0,2500.0,2471.0,1401500.0,2471.0
2021-04-28,2457.0,2412.0,2450.0,2425.0,1476400.0,2425.0
2021-04-30,2505.0,2439.0,2451.0,2484.0,1530000.0,2484.0
2021-05-06,2529.0,2446.0,2485.0,2474.0,1623700.0,2474.0
2021-05-07,2488.0,2443.0,2482.0,2454.0,988200.0,2454.0
2021-05-10,2518.0,2444.0,2453.0,2504.0,1115500.0,2504.0
2021-05-11,2501.0,2430.0,2482.0,2433.0,1133600.0,2433.0
2021-05-12,2480.0,2421.0,2440.0,2442.0,1143700.0,2442.0
2021-05-13,2419.0,2342.0,2410.0,2345.0,976500.0,2345.0
2021-05-14,2453.0,2373.0,2375.0,2445.0,985700.0,2445.0
2021-05-17,2445.0,2408.0,2425.0,2416.0,700300.0,2416.0
2021-05-18,2434.0,2392.0,2400.0,2403.0,1028200.0,2403.0
2021-05-19,2452.0,2381.0,2390.0,2448.0,1061400.0,2448.0
2021-05-20,2469.0,2416.0,2450.0,2416.0,759500.0,2416.0
2021-05-21,2426.0,2364.0,2405.0,2389.0,1806000.0,2389.0
2021-05-24,2429.0,2360.0,2362.0,2414.0,943400.0,2414.0
2021-05-25,2414.0,2368.0,2412.0,2387.0,888100.0,2387.0
2021-05-26,2395.0,2369.0,2381.0,2377.0,934300.0,2377.0
2021-05-27,2440.0,2369.0,2385.0,2440.0,3071700.0,2440.0
2021-05-28,2473.0,2432.0,2455.0,2437.0,1012200.0,2437.0
2021-05-31,2466.0,2427.0,2439.0,2446.0,570000.0,2446.0
2021-06-01,2493.0,2454.0,2469.0,2480.0,869800.0,2480.0
2021-06-02,2489.0,2390.0,2489.0,2418.0,1651500.0,2418.0
2021-06-03,2509.0,2448.0,2449.0,2459.0,1418900.0,2459.0
2021-06-04,2539.0,2481.0,2509.0,2506.0,1398700.0,2506.0
2021-06-07,2526.0,2464.0,2493.0,2519.0,1028800.0,2519.0
2021-06-08,2581.0,2516.0,2526.0,2581.0,1041200.0,2581.0
2021-06-09,2664.0,2595.0,2650.0,2600.0,1865000.0,2600.0
2021-06-10,2635.0,2596.0,2600.0,2626.0,971800.0,2626.0
2021-06-11,2747.0,2672.0,2676.0,2734.0,2532200.0,2734.0
2021-06-14,2762.0,2683.0,2741.0,2733.0,1349700.0,2733.0
2021-06-15,2790.0,2722.0,2731.0,2781.0,1117400.0,2781.0
2021-06-16,2809.0,2761.0,2781.0,2782.0,1208600.0,2782.0
2021-06-17,2833.0,2767.0,2820.0,2791.0,1265500.0,2791.0
2021-06-18,2853.0,2780.0,2834.0,2821.0,2440300.0,2821.0
2021-06-21,2807.0,2732.0,2801.0,2743.0,966300.0,2743.0
2021-06-22,2864.0,2806.0,2816.0,2861.0,1245200.0,2861.0
2021-06-29,2925.0,2882.0,2899.0,2905.0,1217200.0,2905.0
2021-06-30,2941.0,2903.0,2930.0,2913.0,964200.0,2913.0
2021-07-01,2908.0,2868.0,2905.0,2901.0,595400.0,2901.0
2021-07-02,2965.0,2915.0,2951.0,2936.0,798600.0,2936.0
2021-07-05,2914.0,2882.0,2914.0,2911.0,567000.0,2911.0
2021-07-06,2925.0,2888.0,2925.0,2900.0,428700.0,2900.0
2021-07-07,2975.0,2888.0,2900.0,2973.0,1102900.0,2973.0
2021-07-08,2978.0,2934.0,2955.0,2935.0,864800.0,2935.0
2021-07-09,2915.0,2847.0,2891.0,2889.0,1165900.0,2889.0
2021-07-12,3030.0,2950.0,2975.0,3015.0,1327400.0,3015.0
2021-07-13,3000.0,2935.0,2976.0,2949.0,844600.0,2949.0
2021-07-14,2984.0,2951.0,2979.0,2954.0,874800.0,2954.0
2021-07-15,2989.0,2937.0,2966.0,2937.0,596900.0,2937.0
2021-07-16,2986.0,2918.0,2926.0,2943.0,647500.0,2943.0
2021-07-19,2948.0,2889.0,2904.0,2940.0,556700.0,2940.0
2021-07-20,2991.0,2914.0,2990.0,2919.0,996700.0,2919.0
2021-07-21,3010.0,2941.0,2946.0,2971.0,669700.0,2971.0
2021-07-26,3055.0,3015.0,3050.0,3020.0,422400.0,3020.0
